Property,Value
system:footprint,"{'type': 'Polygon', 'coordinates': [[[-34.88941297234115, -8.07189071319646], [-34.856909649705656, -8.07189071319646], [-34.856909649705656, -8.055695866920049], [-34.88941297234115, -8.055695866920049], [-34.88941297234115, -8.07189071319646]]]}"
